[
{
    "model": "admin.logentry",
    "pk": 1,
    "fields": {
        "action_time": "2021-02-17T11:54:48.524Z",
        "user": 1,
        "content_type": 6,
        "object_id": "6",
        "object_repr": "Address object (6)",
        "action_flag": 3,
        "change_message": ""
    }
},
{
    "model": "admin.logentry",
    "pk": 2,
    "fields": {
        "action_time": "2021-02-17T11:54:56.242Z",
        "user": 1,
        "content_type": 6,
        "object_id": "8",
        "object_repr": "Address object (8)",
        "action_flag": 3,
        "change_message": ""
    }
},
{
    "model": "admin.logentry",
    "pk": 3,
    "fields": {
        "action_time": "2021-02-17T11:55:44.427Z",
        "user": 1,
        "content_type": 6,
        "object_id": "7",
        "object_repr": "Address object (7)",
        "action_flag": 3,
        "change_message": ""
    }
},
{
    "model": "admin.logentry",
    "pk": 4,
    "fields": {
        "action_time": "2021-02-17T11:58:24.888Z",
        "user": 1,
        "content_type": 16,
        "object_id": "4",
        "object_repr": "user3 profile",
        "action_flag": 2,
        "change_message": "[{\"changed\": {\"fields\": [\"Address\"]}}]"
    }
},
{
    "model": "admin.logentry",
    "pk": 5,
    "fields": {
        "action_time": "2021-02-19T07:24:18.472Z",
        "user": 1,
        "content_type": 15,
        "object_id": "9",
        "object_repr": "user8",
        "action_flag": 3,
        "change_message": ""
    }
},
{
    "model": "admin.logentry",
    "pk": 6,
    "fields": {
        "action_time": "2021-02-19T07:24:28.186Z",
        "user": 1,
        "content_type": 9,
        "object_id": "12",
        "object_repr": "Address object (12)",
        "action_flag": 3,
        "change_message": ""
    }
},
{
    "model": "admin.logentry",
    "pk": 7,
    "fields": {
        "action_time": "2021-02-19T11:36:33.677Z",
        "user": 1,
        "content_type": 9,
        "object_id": "22",
        "object_repr": "Address object (22)",
        "action_flag": 3,
        "change_message": ""
    }
},
{
    "model": "admin.logentry",
    "pk": 8,
    "fields": {
        "action_time": "2021-02-19T11:36:40.269Z",
        "user": 1,
        "content_type": 9,
        "object_id": "20",
        "object_repr": "Address object (20)",
        "action_flag": 3,
        "change_message": ""
    }
},
{
    "model": "admin.logentry",
    "pk": 9,
    "fields": {
        "action_time": "2021-02-19T11:36:58.364Z",
        "user": 1,
        "content_type": 10,
        "object_id": "1",
        "object_repr": "Match object (1)",
        "action_flag": 3,
        "change_message": ""
    }
},
{
    "model": "admin.logentry",
    "pk": 10,
    "fields": {
        "action_time": "2021-02-19T11:37:13.710Z",
        "user": 1,
        "content_type": 9,
        "object_id": "19",
        "object_repr": "Address object (19)",
        "action_flag": 3,
        "change_message": ""
    }
},
{
    "model": "admin.logentry",
    "pk": 11,
    "fields": {
        "action_time": "2021-02-19T11:37:13.713Z",
        "user": 1,
        "content_type": 9,
        "object_id": "18",
        "object_repr": "Address object (18)",
        "action_flag": 3,
        "change_message": ""
    }
},
{
    "model": "admin.logentry",
    "pk": 12,
    "fields": {
        "action_time": "2021-02-19T11:37:13.715Z",
        "user": 1,
        "content_type": 9,
        "object_id": "17",
        "object_repr": "Address object (17)",
        "action_flag": 3,
        "change_message": ""
    }
},
{
    "model": "admin.logentry",
    "pk": 13,
    "fields": {
        "action_time": "2021-02-19T11:37:13.717Z",
        "user": 1,
        "content_type": 9,
        "object_id": "16",
        "object_repr": "Address object (16)",
        "action_flag": 3,
        "change_message": ""
    }
},
{
    "model": "admin.logentry",
    "pk": 14,
    "fields": {
        "action_time": "2021-02-19T11:37:13.719Z",
        "user": 1,
        "content_type": 9,
        "object_id": "15",
        "object_repr": "Address object (15)",
        "action_flag": 3,
        "change_message": ""
    }
},
{
    "model": "admin.logentry",
    "pk": 15,
    "fields": {
        "action_time": "2021-02-19T11:37:18.629Z",
        "user": 1,
        "content_type": 9,
        "object_id": "23",
        "object_repr": "Address object (23)",
        "action_flag": 3,
        "change_message": ""
    }
},
{
    "model": "admin.logentry",
    "pk": 16,
    "fields": {
        "action_time": "2021-02-19T11:46:38.259Z",
        "user": 1,
        "content_type": 16,
        "object_id": "8",
        "object_repr": "user7 profile",
        "action_flag": 2,
        "change_message": "[{\"changed\": {\"fields\": [\"Address\"]}}]"
    }
},
{
    "model": "admin.logentry",
    "pk": 17,
    "fields": {
        "action_time": "2021-02-19T11:48:39.874Z",
        "user": 1,
        "content_type": 9,
        "object_id": "27",
        "object_repr": "Address object (27)",
        "action_flag": 3,
        "change_message": ""
    }
},
{
    "model": "admin.logentry",
    "pk": 18,
    "fields": {
        "action_time": "2021-02-19T11:48:39.876Z",
        "user": 1,
        "content_type": 9,
        "object_id": "26",
        "object_repr": "Address object (26)",
        "action_flag": 3,
        "change_message": ""
    }
},
{
    "model": "admin.logentry",
    "pk": 19,
    "fields": {
        "action_time": "2021-02-19T11:49:51.991Z",
        "user": 1,
        "content_type": 6,
        "object_id": "7",
        "object_repr": "Location object (7)",
        "action_flag": 2,
        "change_message": "[{\"changed\": {\"fields\": [\"Coordinates\"]}}]"
    }
},
{
    "model": "admin.logentry",
    "pk": 20,
    "fields": {
        "action_time": "2021-02-19T11:50:07.063Z",
        "user": 1,
        "content_type": 15,
        "object_id": "10",
        "object_repr": "user8",
        "action_flag": 3,
        "change_message": ""
    }
},
{
    "model": "admin.logentry",
    "pk": 21,
    "fields": {
        "action_time": "2021-02-19T11:50:17.082Z",
        "user": 1,
        "content_type": 9,
        "object_id": "25",
        "object_repr": "Address object (25)",
        "action_flag": 3,
        "change_message": ""
    }
},
{
    "model": "admin.logentry",
    "pk": 22,
    "fields": {
        "action_time": "2021-02-19T12:02:13.487Z",
        "user": 1,
        "content_type": 16,
        "object_id": "11",
        "object_repr": "user8 profile",
        "action_flag": 2,
        "change_message": "[{\"changed\": {\"fields\": [\"Birthdate\", \"Sex\"]}}]"
    }
},
{
    "model": "admin.logentry",
    "pk": 23,
    "fields": {
        "action_time": "2021-02-22T06:47:36.971Z",
        "user": 1,
        "content_type": 16,
        "object_id": "12",
        "object_repr": "user9 profile",
        "action_flag": 2,
        "change_message": "[{\"changed\": {\"fields\": [\"Address\"]}}]"
    }
},
{
    "model": "admin.logentry",
    "pk": 24,
    "fields": {
        "action_time": "2021-02-22T07:17:26.052Z",
        "user": 1,
        "content_type": 9,
        "object_id": "33",
        "object_repr": "Address object (33)",
        "action_flag": 3,
        "change_message": ""
    }
},
{
    "model": "admin.logentry",
    "pk": 25,
    "fields": {
        "action_time": "2021-02-22T07:17:26.055Z",
        "user": 1,
        "content_type": 9,
        "object_id": "32",
        "object_repr": "Address object (32)",
        "action_flag": 3,
        "change_message": ""
    }
},
{
    "model": "admin.logentry",
    "pk": 26,
    "fields": {
        "action_time": "2021-02-22T07:17:26.057Z",
        "user": 1,
        "content_type": 9,
        "object_id": "31",
        "object_repr": "Address object (31)",
        "action_flag": 3,
        "change_message": ""
    }
},
{
    "model": "admin.logentry",
    "pk": 27,
    "fields": {
        "action_time": "2021-02-22T07:17:26.059Z",
        "user": 1,
        "content_type": 9,
        "object_id": "30",
        "object_repr": "Address object (30)",
        "action_flag": 3,
        "change_message": ""
    }
},
{
    "model": "admin.logentry",
    "pk": 28,
    "fields": {
        "action_time": "2021-02-22T07:34:17.948Z",
        "user": 1,
        "content_type": 9,
        "object_id": "35",
        "object_repr": "Address object (35)",
        "action_flag": 3,
        "change_message": ""
    }
},
{
    "model": "admin.logentry",
    "pk": 29,
    "fields": {
        "action_time": "2021-02-22T07:34:34.131Z",
        "user": 1,
        "content_type": 9,
        "object_id": "34",
        "object_repr": "Address object (34)",
        "action_flag": 3,
        "change_message": ""
    }
},
{
    "model": "admin.logentry",
    "pk": 30,
    "fields": {
        "action_time": "2021-02-22T07:45:45.343Z",
        "user": 1,
        "content_type": 9,
        "object_id": "37",
        "object_repr": "Address object (37)",
        "action_flag": 3,
        "change_message": ""
    }
},
{
    "model": "admin.logentry",
    "pk": 31,
    "fields": {
        "action_time": "2021-02-22T07:45:54.686Z",
        "user": 1,
        "content_type": 9,
        "object_id": "36",
        "object_repr": "Address object (36)",
        "action_flag": 3,
        "change_message": ""
    }
},
{
    "model": "admin.logentry",
    "pk": 32,
    "fields": {
        "action_time": "2021-02-22T07:46:41.971Z",
        "user": 1,
        "content_type": 16,
        "object_id": "14",
        "object_repr": "user11 profile",
        "action_flag": 2,
        "change_message": "[{\"changed\": {\"fields\": [\"Address\"]}}]"
    }
},
{
    "model": "admin.logentry",
    "pk": 33,
    "fields": {
        "action_time": "2021-02-22T07:46:48.609Z",
        "user": 1,
        "content_type": 9,
        "object_id": "38",
        "object_repr": "Address object (38)",
        "action_flag": 3,
        "change_message": ""
    }
},
{
    "model": "admin.logentry",
    "pk": 34,
    "fields": {
        "action_time": "2021-02-22T17:03:58.809Z",
        "user": 1,
        "content_type": 9,
        "object_id": "43",
        "object_repr": "Address object (43)",
        "action_flag": 3,
        "change_message": ""
    }
},
{
    "model": "admin.logentry",
    "pk": 35,
    "fields": {
        "action_time": "2021-02-22T17:03:58.814Z",
        "user": 1,
        "content_type": 9,
        "object_id": "42",
        "object_repr": "Address object (42)",
        "action_flag": 3,
        "change_message": ""
    }
},
{
    "model": "admin.logentry",
    "pk": 36,
    "fields": {
        "action_time": "2021-02-22T17:03:58.816Z",
        "user": 1,
        "content_type": 9,
        "object_id": "41",
        "object_repr": "Address object (41)",
        "action_flag": 3,
        "change_message": ""
    }
},
{
    "model": "admin.logentry",
    "pk": 37,
    "fields": {
        "action_time": "2021-02-22T17:03:58.818Z",
        "user": 1,
        "content_type": 9,
        "object_id": "40",
        "object_repr": "Address object (40)",
        "action_flag": 3,
        "change_message": ""
    }
},
{
    "model": "admin.logentry",
    "pk": 38,
    "fields": {
        "action_time": "2021-02-22T17:04:08.796Z",
        "user": 1,
        "content_type": 9,
        "object_id": "39",
        "object_repr": "Address object (39)",
        "action_flag": 3,
        "change_message": ""
    }
},
{
    "model": "admin.logentry",
    "pk": 39,
    "fields": {
        "action_time": "2021-02-22T17:06:14.470Z",
        "user": 1,
        "content_type": 9,
        "object_id": "45",
        "object_repr": "Address object (45)",
        "action_flag": 3,
        "change_message": ""
    }
},
{
    "model": "admin.logentry",
    "pk": 40,
    "fields": {
        "action_time": "2021-02-22T17:14:02.010Z",
        "user": 1,
        "content_type": 9,
        "object_id": "44",
        "object_repr": "Address object (44)",
        "action_flag": 3,
        "change_message": ""
    }
},
{
    "model": "admin.logentry",
    "pk": 41,
    "fields": {
        "action_time": "2021-02-22T17:24:26.052Z",
        "user": 1,
        "content_type": 9,
        "object_id": "50",
        "object_repr": "Address object (50)",
        "action_flag": 3,
        "change_message": ""
    }
},
{
    "model": "admin.logentry",
    "pk": 42,
    "fields": {
        "action_time": "2021-02-22T17:24:26.055Z",
        "user": 1,
        "content_type": 9,
        "object_id": "49",
        "object_repr": "Address object (49)",
        "action_flag": 3,
        "change_message": ""
    }
},
{
    "model": "admin.logentry",
    "pk": 43,
    "fields": {
        "action_time": "2021-02-22T19:54:30.017Z",
        "user": 1,
        "content_type": 9,
        "object_id": "55",
        "object_repr": "Address object (55)",
        "action_flag": 3,
        "change_message": ""
    }
},
{
    "model": "admin.logentry",
    "pk": 44,
    "fields": {
        "action_time": "2021-02-22T19:54:30.020Z",
        "user": 1,
        "content_type": 9,
        "object_id": "54",
        "object_repr": "Address object (54)",
        "action_flag": 3,
        "change_message": ""
    }
},
{
    "model": "admin.logentry",
    "pk": 45,
    "fields": {
        "action_time": "2021-02-22T19:54:35.020Z",
        "user": 1,
        "content_type": 9,
        "object_id": "57",
        "object_repr": "Address object (57)",
        "action_flag": 3,
        "change_message": ""
    }
},
{
    "model": "admin.logentry",
    "pk": 46,
    "fields": {
        "action_time": "2021-02-22T19:54:42.675Z",
        "user": 1,
        "content_type": 9,
        "object_id": "56",
        "object_repr": "Address object (56)",
        "action_flag": 3,
        "change_message": ""
    }
},
{
    "model": "admin.logentry",
    "pk": 47,
    "fields": {
        "action_time": "2021-02-22T20:13:35.753Z",
        "user": 1,
        "content_type": 9,
        "object_id": "67",
        "object_repr": "Address object (67)",
        "action_flag": 3,
        "change_message": ""
    }
},
{
    "model": "admin.logentry",
    "pk": 48,
    "fields": {
        "action_time": "2021-02-22T20:13:35.756Z",
        "user": 1,
        "content_type": 9,
        "object_id": "66",
        "object_repr": "Address object (66)",
        "action_flag": 3,
        "change_message": ""
    }
},
{
    "model": "admin.logentry",
    "pk": 49,
    "fields": {
        "action_time": "2021-02-22T20:13:35.758Z",
        "user": 1,
        "content_type": 9,
        "object_id": "65",
        "object_repr": "Address object (65)",
        "action_flag": 3,
        "change_message": ""
    }
},
{
    "model": "admin.logentry",
    "pk": 50,
    "fields": {
        "action_time": "2021-02-22T20:13:35.759Z",
        "user": 1,
        "content_type": 9,
        "object_id": "64",
        "object_repr": "Address object (64)",
        "action_flag": 3,
        "change_message": ""
    }
},
{
    "model": "admin.logentry",
    "pk": 51,
    "fields": {
        "action_time": "2021-02-22T20:13:35.761Z",
        "user": 1,
        "content_type": 9,
        "object_id": "63",
        "object_repr": "Address object (63)",
        "action_flag": 3,
        "change_message": ""
    }
},
{
    "model": "admin.logentry",
    "pk": 52,
    "fields": {
        "action_time": "2021-02-22T20:13:35.762Z",
        "user": 1,
        "content_type": 9,
        "object_id": "62",
        "object_repr": "Address object (62)",
        "action_flag": 3,
        "change_message": ""
    }
},
{
    "model": "admin.logentry",
    "pk": 53,
    "fields": {
        "action_time": "2021-02-22T20:13:35.764Z",
        "user": 1,
        "content_type": 9,
        "object_id": "61",
        "object_repr": "Address object (61)",
        "action_flag": 3,
        "change_message": ""
    }
},
{
    "model": "admin.logentry",
    "pk": 54,
    "fields": {
        "action_time": "2021-02-22T20:13:35.765Z",
        "user": 1,
        "content_type": 9,
        "object_id": "60",
        "object_repr": "Address object (60)",
        "action_flag": 3,
        "change_message": ""
    }
},
{
    "model": "admin.logentry",
    "pk": 55,
    "fields": {
        "action_time": "2021-02-22T20:13:35.767Z",
        "user": 1,
        "content_type": 9,
        "object_id": "59",
        "object_repr": "Address object (59)",
        "action_flag": 3,
        "change_message": ""
    }
},
{
    "model": "admin.logentry",
    "pk": 56,
    "fields": {
        "action_time": "2021-02-22T20:13:35.768Z",
        "user": 1,
        "content_type": 9,
        "object_id": "58",
        "object_repr": "Address object (58)",
        "action_flag": 3,
        "change_message": ""
    }
},
{
    "model": "admin.logentry",
    "pk": 57,
    "fields": {
        "action_time": "2021-02-22T20:13:44.248Z",
        "user": 1,
        "content_type": 9,
        "object_id": "53",
        "object_repr": "Address object (53)",
        "action_flag": 3,
        "change_message": ""
    }
},
{
    "model": "admin.logentry",
    "pk": 58,
    "fields": {
        "action_time": "2021-02-22T20:13:44.252Z",
        "user": 1,
        "content_type": 9,
        "object_id": "52",
        "object_repr": "Address object (52)",
        "action_flag": 3,
        "change_message": ""
    }
},
{
    "model": "admin.logentry",
    "pk": 59,
    "fields": {
        "action_time": "2021-02-22T20:13:44.254Z",
        "user": 1,
        "content_type": 9,
        "object_id": "51",
        "object_repr": "Address object (51)",
        "action_flag": 3,
        "change_message": ""
    }
},
{
    "model": "admin.logentry",
    "pk": 60,
    "fields": {
        "action_time": "2021-02-22T20:33:39.472Z",
        "user": 1,
        "content_type": 9,
        "object_id": "71",
        "object_repr": "Address object (71)",
        "action_flag": 3,
        "change_message": ""
    }
},
{
    "model": "admin.logentry",
    "pk": 61,
    "fields": {
        "action_time": "2021-02-22T20:33:39.475Z",
        "user": 1,
        "content_type": 9,
        "object_id": "70",
        "object_repr": "Address object (70)",
        "action_flag": 3,
        "change_message": ""
    }
},
{
    "model": "admin.logentry",
    "pk": 62,
    "fields": {
        "action_time": "2021-02-22T20:33:39.477Z",
        "user": 1,
        "content_type": 9,
        "object_id": "69",
        "object_repr": "Address object (69)",
        "action_flag": 3,
        "change_message": ""
    }
},
{
    "model": "admin.logentry",
    "pk": 63,
    "fields": {
        "action_time": "2021-02-22T20:33:39.479Z",
        "user": 1,
        "content_type": 9,
        "object_id": "68",
        "object_repr": "Address object (68)",
        "action_flag": 3,
        "change_message": ""
    }
},
{
    "model": "admin.logentry",
    "pk": 64,
    "fields": {
        "action_time": "2021-02-22T20:35:46.781Z",
        "user": 1,
        "content_type": 14,
        "object_id": "5",
        "object_repr": "Gardien",
        "action_flag": 1,
        "change_message": "[{\"added\": {}}]"
    }
},
{
    "model": "auth.permission",
    "pk": 1,
    "fields": {
        "name": "Can add log entry",
        "content_type": 1,
        "codename": "add_logentry"
    }
},
{
    "model": "auth.permission",
    "pk": 2,
    "fields": {
        "name": "Can change log entry",
        "content_type": 1,
        "codename": "change_logentry"
    }
},
{
    "model": "auth.permission",
    "pk": 3,
    "fields": {
        "name": "Can delete log entry",
        "content_type": 1,
        "codename": "delete_logentry"
    }
},
{
    "model": "auth.permission",
    "pk": 4,
    "fields": {
        "name": "Can view log entry",
        "content_type": 1,
        "codename": "view_logentry"
    }
},
{
    "model": "auth.permission",
    "pk": 5,
    "fields": {
        "name": "Can add permission",
        "content_type": 2,
        "codename": "add_permission"
    }
},
{
    "model": "auth.permission",
    "pk": 6,
    "fields": {
        "name": "Can change permission",
        "content_type": 2,
        "codename": "change_permission"
    }
},
{
    "model": "auth.permission",
    "pk": 7,
    "fields": {
        "name": "Can delete permission",
        "content_type": 2,
        "codename": "delete_permission"
    }
},
{
    "model": "auth.permission",
    "pk": 8,
    "fields": {
        "name": "Can view permission",
        "content_type": 2,
        "codename": "view_permission"
    }
},
{
    "model": "auth.permission",
    "pk": 9,
    "fields": {
        "name": "Can add group",
        "content_type": 3,
        "codename": "add_group"
    }
},
{
    "model": "auth.permission",
    "pk": 10,
    "fields": {
        "name": "Can change group",
        "content_type": 3,
        "codename": "change_group"
    }
},
{
    "model": "auth.permission",
    "pk": 11,
    "fields": {
        "name": "Can delete group",
        "content_type": 3,
        "codename": "delete_group"
    }
},
{
    "model": "auth.permission",
    "pk": 12,
    "fields": {
        "name": "Can view group",
        "content_type": 3,
        "codename": "view_group"
    }
},
{
    "model": "auth.permission",
    "pk": 13,
    "fields": {
        "name": "Can add content type",
        "content_type": 4,
        "codename": "add_contenttype"
    }
},
{
    "model": "auth.permission",
    "pk": 14,
    "fields": {
        "name": "Can change content type",
        "content_type": 4,
        "codename": "change_contenttype"
    }
},
{
    "model": "auth.permission",
    "pk": 15,
    "fields": {
        "name": "Can delete content type",
        "content_type": 4,
        "codename": "delete_contenttype"
    }
},
{
    "model": "auth.permission",
    "pk": 16,
    "fields": {
        "name": "Can view content type",
        "content_type": 4,
        "codename": "view_contenttype"
    }
},
{
    "model": "auth.permission",
    "pk": 17,
    "fields": {
        "name": "Can add session",
        "content_type": 5,
        "codename": "add_session"
    }
},
{
    "model": "auth.permission",
    "pk": 18,
    "fields": {
        "name": "Can change session",
        "content_type": 5,
        "codename": "change_session"
    }
},
{
    "model": "auth.permission",
    "pk": 19,
    "fields": {
        "name": "Can delete session",
        "content_type": 5,
        "codename": "delete_session"
    }
},
{
    "model": "auth.permission",
    "pk": 20,
    "fields": {
        "name": "Can view session",
        "content_type": 5,
        "codename": "view_session"
    }
},
{
    "model": "auth.permission",
    "pk": 21,
    "fields": {
        "name": "Can add address",
        "content_type": 6,
        "codename": "add_address"
    }
},
{
    "model": "auth.permission",
    "pk": 22,
    "fields": {
        "name": "Can change address",
        "content_type": 6,
        "codename": "change_address"
    }
},
{
    "model": "auth.permission",
    "pk": 23,
    "fields": {
        "name": "Can delete address",
        "content_type": 6,
        "codename": "delete_address"
    }
},
{
    "model": "auth.permission",
    "pk": 24,
    "fields": {
        "name": "Can view address",
        "content_type": 6,
        "codename": "view_address"
    }
},
{
    "model": "auth.permission",
    "pk": 25,
    "fields": {
        "name": "Can add invitation",
        "content_type": 7,
        "codename": "add_invitation"
    }
},
{
    "model": "auth.permission",
    "pk": 26,
    "fields": {
        "name": "Can change invitation",
        "content_type": 7,
        "codename": "change_invitation"
    }
},
{
    "model": "auth.permission",
    "pk": 27,
    "fields": {
        "name": "Can delete invitation",
        "content_type": 7,
        "codename": "delete_invitation"
    }
},
{
    "model": "auth.permission",
    "pk": 28,
    "fields": {
        "name": "Can view invitation",
        "content_type": 7,
        "codename": "view_invitation"
    }
},
{
    "model": "auth.permission",
    "pk": 29,
    "fields": {
        "name": "Can add location",
        "content_type": 8,
        "codename": "add_location"
    }
},
{
    "model": "auth.permission",
    "pk": 30,
    "fields": {
        "name": "Can change location",
        "content_type": 8,
        "codename": "change_location"
    }
},
{
    "model": "auth.permission",
    "pk": 31,
    "fields": {
        "name": "Can delete location",
        "content_type": 8,
        "codename": "delete_location"
    }
},
{
    "model": "auth.permission",
    "pk": 32,
    "fields": {
        "name": "Can view location",
        "content_type": 8,
        "codename": "view_location"
    }
},
{
    "model": "auth.permission",
    "pk": 33,
    "fields": {
        "name": "Can add match",
        "content_type": 9,
        "codename": "add_match"
    }
},
{
    "model": "auth.permission",
    "pk": 34,
    "fields": {
        "name": "Can change match",
        "content_type": 9,
        "codename": "change_match"
    }
},
{
    "model": "auth.permission",
    "pk": 35,
    "fields": {
        "name": "Can delete match",
        "content_type": 9,
        "codename": "delete_match"
    }
},
{
    "model": "auth.permission",
    "pk": 36,
    "fields": {
        "name": "Can view match",
        "content_type": 9,
        "codename": "view_match"
    }
},
{
    "model": "auth.permission",
    "pk": 37,
    "fields": {
        "name": "Can add match request",
        "content_type": 10,
        "codename": "add_matchrequest"
    }
},
{
    "model": "auth.permission",
    "pk": 38,
    "fields": {
        "name": "Can change match request",
        "content_type": 10,
        "codename": "change_matchrequest"
    }
},
{
    "model": "auth.permission",
    "pk": 39,
    "fields": {
        "name": "Can delete match request",
        "content_type": 10,
        "codename": "delete_matchrequest"
    }
},
{
    "model": "auth.permission",
    "pk": 40,
    "fields": {
        "name": "Can view match request",
        "content_type": 10,
        "codename": "view_matchrequest"
    }
},
{
    "model": "auth.permission",
    "pk": 41,
    "fields": {
        "name": "Can add player",
        "content_type": 11,
        "codename": "add_player"
    }
},
{
    "model": "auth.permission",
    "pk": 42,
    "fields": {
        "name": "Can change player",
        "content_type": 11,
        "codename": "change_player"
    }
},
{
    "model": "auth.permission",
    "pk": 43,
    "fields": {
        "name": "Can delete player",
        "content_type": 11,
        "codename": "delete_player"
    }
},
{
    "model": "auth.permission",
    "pk": 44,
    "fields": {
        "name": "Can view player",
        "content_type": 11,
        "codename": "view_player"
    }
},
{
    "model": "auth.permission",
    "pk": 45,
    "fields": {
        "name": "Can add position",
        "content_type": 12,
        "codename": "add_position"
    }
},
{
    "model": "auth.permission",
    "pk": 46,
    "fields": {
        "name": "Can change position",
        "content_type": 12,
        "codename": "change_position"
    }
},
{
    "model": "auth.permission",
    "pk": 47,
    "fields": {
        "name": "Can delete position",
        "content_type": 12,
        "codename": "delete_position"
    }
},
{
    "model": "auth.permission",
    "pk": 48,
    "fields": {
        "name": "Can view position",
        "content_type": 12,
        "codename": "view_position"
    }
},
{
    "model": "auth.permission",
    "pk": 49,
    "fields": {
        "name": "Can add registration",
        "content_type": 13,
        "codename": "add_registration"
    }
},
{
    "model": "auth.permission",
    "pk": 50,
    "fields": {
        "name": "Can change registration",
        "content_type": 13,
        "codename": "change_registration"
    }
},
{
    "model": "auth.permission",
    "pk": 51,
    "fields": {
        "name": "Can delete registration",
        "content_type": 13,
        "codename": "delete_registration"
    }
},
{
    "model": "auth.permission",
    "pk": 52,
    "fields": {
        "name": "Can view registration",
        "content_type": 13,
        "codename": "view_registration"
    }
},
{
    "model": "auth.permission",
    "pk": 53,
    "fields": {
        "name": "Can add player subscription",
        "content_type": 14,
        "codename": "add_playersubscription"
    }
},
{
    "model": "auth.permission",
    "pk": 54,
    "fields": {
        "name": "Can change player subscription",
        "content_type": 14,
        "codename": "change_playersubscription"
    }
},
{
    "model": "auth.permission",
    "pk": 55,
    "fields": {
        "name": "Can delete player subscription",
        "content_type": 14,
        "codename": "delete_playersubscription"
    }
},
{
    "model": "auth.permission",
    "pk": 56,
    "fields": {
        "name": "Can view player subscription",
        "content_type": 14,
        "codename": "view_playersubscription"
    }
},
{
    "model": "auth.permission",
    "pk": 57,
    "fields": {
        "name": "Can add user",
        "content_type": 15,
        "codename": "add_user"
    }
},
{
    "model": "auth.permission",
    "pk": 58,
    "fields": {
        "name": "Can change user",
        "content_type": 15,
        "codename": "change_user"
    }
},
{
    "model": "auth.permission",
    "pk": 59,
    "fields": {
        "name": "Can delete user",
        "content_type": 15,
        "codename": "delete_user"
    }
},
{
    "model": "auth.permission",
    "pk": 60,
    "fields": {
        "name": "Can view user",
        "content_type": 15,
        "codename": "view_user"
    }
},
{
    "model": "auth.permission",
    "pk": 61,
    "fields": {
        "name": "Can add profile",
        "content_type": 16,
        "codename": "add_profile"
    }
},
{
    "model": "auth.permission",
    "pk": 62,
    "fields": {
        "name": "Can change profile",
        "content_type": 16,
        "codename": "change_profile"
    }
},
{
    "model": "auth.permission",
    "pk": 63,
    "fields": {
        "name": "Can delete profile",
        "content_type": 16,
        "codename": "delete_profile"
    }
},
{
    "model": "auth.permission",
    "pk": 64,
    "fields": {
        "name": "Can view profile",
        "content_type": 16,
        "codename": "view_profile"
    }
},
{
    "model": "auth.permission",
    "pk": 65,
    "fields": {
        "name": "Can add notification",
        "content_type": 17,
        "codename": "add_notification"
    }
},
{
    "model": "auth.permission",
    "pk": 66,
    "fields": {
        "name": "Can change notification",
        "content_type": 17,
        "codename": "change_notification"
    }
},
{
    "model": "auth.permission",
    "pk": 67,
    "fields": {
        "name": "Can delete notification",
        "content_type": 17,
        "codename": "delete_notification"
    }
},
{
    "model": "auth.permission",
    "pk": 68,
    "fields": {
        "name": "Can view notification",
        "content_type": 17,
        "codename": "view_notification"
    }
},
{
    "model": "auth.permission",
    "pk": 69,
    "fields": {
        "name": "Can add address",
        "content_type": 9,
        "codename": "add_address"
    }
},
{
    "model": "auth.permission",
    "pk": 70,
    "fields": {
        "name": "Can change address",
        "content_type": 9,
        "codename": "change_address"
    }
},
{
    "model": "auth.permission",
    "pk": 71,
    "fields": {
        "name": "Can delete address",
        "content_type": 9,
        "codename": "delete_address"
    }
},
{
    "model": "auth.permission",
    "pk": 72,
    "fields": {
        "name": "Can view address",
        "content_type": 9,
        "codename": "view_address"
    }
},
{
    "model": "auth.permission",
    "pk": 73,
    "fields": {
        "name": "Can add invitation",
        "content_type": 11,
        "codename": "add_invitation"
    }
},
{
    "model": "auth.permission",
    "pk": 74,
    "fields": {
        "name": "Can change invitation",
        "content_type": 11,
        "codename": "change_invitation"
    }
},
{
    "model": "auth.permission",
    "pk": 75,
    "fields": {
        "name": "Can delete invitation",
        "content_type": 11,
        "codename": "delete_invitation"
    }
},
{
    "model": "auth.permission",
    "pk": 76,
    "fields": {
        "name": "Can view invitation",
        "content_type": 11,
        "codename": "view_invitation"
    }
},
{
    "model": "auth.permission",
    "pk": 77,
    "fields": {
        "name": "Can add location",
        "content_type": 6,
        "codename": "add_location"
    }
},
{
    "model": "auth.permission",
    "pk": 78,
    "fields": {
        "name": "Can change location",
        "content_type": 6,
        "codename": "change_location"
    }
},
{
    "model": "auth.permission",
    "pk": 79,
    "fields": {
        "name": "Can delete location",
        "content_type": 6,
        "codename": "delete_location"
    }
},
{
    "model": "auth.permission",
    "pk": 80,
    "fields": {
        "name": "Can view location",
        "content_type": 6,
        "codename": "view_location"
    }
},
{
    "model": "auth.permission",
    "pk": 81,
    "fields": {
        "name": "Can add match",
        "content_type": 10,
        "codename": "add_match"
    }
},
{
    "model": "auth.permission",
    "pk": 82,
    "fields": {
        "name": "Can change match",
        "content_type": 10,
        "codename": "change_match"
    }
},
{
    "model": "auth.permission",
    "pk": 83,
    "fields": {
        "name": "Can delete match",
        "content_type": 10,
        "codename": "delete_match"
    }
},
{
    "model": "auth.permission",
    "pk": 84,
    "fields": {
        "name": "Can view match",
        "content_type": 10,
        "codename": "view_match"
    }
},
{
    "model": "auth.permission",
    "pk": 85,
    "fields": {
        "name": "Can add match request",
        "content_type": 12,
        "codename": "add_matchrequest"
    }
},
{
    "model": "auth.permission",
    "pk": 86,
    "fields": {
        "name": "Can change match request",
        "content_type": 12,
        "codename": "change_matchrequest"
    }
},
{
    "model": "auth.permission",
    "pk": 87,
    "fields": {
        "name": "Can delete match request",
        "content_type": 12,
        "codename": "delete_matchrequest"
    }
},
{
    "model": "auth.permission",
    "pk": 88,
    "fields": {
        "name": "Can view match request",
        "content_type": 12,
        "codename": "view_matchrequest"
    }
},
{
    "model": "auth.permission",
    "pk": 89,
    "fields": {
        "name": "Can add player",
        "content_type": 7,
        "codename": "add_player"
    }
},
{
    "model": "auth.permission",
    "pk": 90,
    "fields": {
        "name": "Can change player",
        "content_type": 7,
        "codename": "change_player"
    }
},
{
    "model": "auth.permission",
    "pk": 91,
    "fields": {
        "name": "Can delete player",
        "content_type": 7,
        "codename": "delete_player"
    }
},
{
    "model": "auth.permission",
    "pk": 92,
    "fields": {
        "name": "Can view player",
        "content_type": 7,
        "codename": "view_player"
    }
},
{
    "model": "auth.permission",
    "pk": 93,
    "fields": {
        "name": "Can add position",
        "content_type": 14,
        "codename": "add_position"
    }
},
{
    "model": "auth.permission",
    "pk": 94,
    "fields": {
        "name": "Can change position",
        "content_type": 14,
        "codename": "change_position"
    }
},
{
    "model": "auth.permission",
    "pk": 95,
    "fields": {
        "name": "Can delete position",
        "content_type": 14,
        "codename": "delete_position"
    }
},
{
    "model": "auth.permission",
    "pk": 96,
    "fields": {
        "name": "Can view position",
        "content_type": 14,
        "codename": "view_position"
    }
},
{
    "model": "auth.permission",
    "pk": 97,
    "fields": {
        "name": "Can add player subscription",
        "content_type": 8,
        "codename": "add_playersubscription"
    }
},
{
    "model": "auth.permission",
    "pk": 98,
    "fields": {
        "name": "Can change player subscription",
        "content_type": 8,
        "codename": "change_playersubscription"
    }
},
{
    "model": "auth.permission",
    "pk": 99,
    "fields": {
        "name": "Can delete player subscription",
        "content_type": 8,
        "codename": "delete_playersubscription"
    }
},
{
    "model": "auth.permission",
    "pk": 100,
    "fields": {
        "name": "Can view player subscription",
        "content_type": 8,
        "codename": "view_playersubscription"
    }
},
{
    "model": "sessions.session",
    "pk": "nbittdnecqa41fohmtx4yt3tire7hnqh",
    "fields": {
        "session_data": ".eJxVjDsOwjAQBe_iGlmx119Kes4QrdcbHEC2FCcV4u4QKQW0b2beS4y4rWXcOi_jnMVZKHH63RLSg-sO8h3rrUlqdV3mJHdFHrTLa8v8vBzu30HBXr61RlA2IKAHHS1B4BhCUs46gkwwmIkNMWlnp8xAJqZhQPSKNEM0yYv3B9KQN8w:1lERqo:hxi0HLPb5OykY1WXy8nxL9GBKlZTIXy20JLLS_WjT9U",
        "expire_date": "2021-03-09T07:11:18.417Z"
    }
},
{
    "model": "sessions.session",
    "pk": "ncd35q1t8eto4vk78qwqu2x03ocs3ys2",
    "fields": {
        "session_data": ".eJxVjDEOwjAMRe-SGUWA66RhZOcMke04pIBSqWknxN1RpA6w_vfef5tI21ri1nSJUzIXM5jD78YkT60dpAfV-2xlrusyse2K3Wmztznp67q7fweFWun1yQlTcIhHVvGUnQYSVXDsGSAQhMziEABkRGSH54AjqfdDDlnBfL4JkTiC:1lCLTg:X_OnPZGqPUOs7IiwdZ-PX9nVapbArd1saLURx8DSeOU",
        "expire_date": "2021-03-03T11:58:44.270Z"
    }
},
{
    "model": "core.location",
    "pk": 1,
    "fields": {
        "coordinates": "SRID=4326;POINT (3.91006 50.5324)"
    }
},
{
    "model": "core.location",
    "pk": 2,
    "fields": {
        "coordinates": "SRID=4326;POINT (3.96217 50.46172)"
    }
},
{
    "model": "core.location",
    "pk": 3,
    "fields": {
        "coordinates": "SRID=4326;POINT (4.19921 50.47784)"
    }
},
{
    "model": "core.location",
    "pk": 4,
    "fields": {
        "coordinates": "SRID=4326;POINT (5.09727 50.28931)"
    }
},
{
    "model": "core.location",
    "pk": 5,
    "fields": {
        "coordinates": "SRID=4326;POINT (4.44628 50.41386)"
    }
},
{
    "model": "core.location",
    "pk": 6,
    "fields": {
        "coordinates": "SRID=4326;POINT (4.33338 50.89536)"
    }
},
{
    "model": "core.location",
    "pk": 7,
    "fields": {
        "coordinates": "SRID=4326;POINT (5.091582695728502 50.85867669842457)"
    }
},
{
    "model": "core.location",
    "pk": 8,
    "fields": {
        "coordinates": "SRID=4326;POINT (4.44357 50.84265)"
    }
},
{
    "model": "core.location",
    "pk": 9,
    "fields": {
        "coordinates": "SRID=4326;POINT (-71.253614 46.86358)"
    }
},
{
    "model": "core.location",
    "pk": 10,
    "fields": {
        "coordinates": "SRID=4326;POINT (-67.523934 46.301423)"
    }
},
{
    "model": "core.location",
    "pk": 11,
    "fields": {
        "coordinates": "SRID=4326;POINT (5.13789 50.61874)"
    }
},
{
    "model": "core.location",
    "pk": 12,
    "fields": {
        "coordinates": "SRID=4326;POINT (3.264018 50.705979)"
    }
},
{
    "model": "core.location",
    "pk": 13,
    "fields": {
        "coordinates": "SRID=4326;POINT (4.35345 50.84846)"
    }
},
{
    "model": "core.location",
    "pk": 14,
    "fields": {
        "coordinates": "SRID=4326;POINT (4.10631 50.55261)"
    }
},
{
    "model": "core.location",
    "pk": 15,
    "fields": {
        "coordinates": "SRID=4326;POINT (3.90996 50.53226)"
    }
},
{
    "model": "core.location",
    "pk": 16,
    "fields": {
        "coordinates": "SRID=4326;POINT (3.90957 50.53185)"
    }
},
{
    "model": "core.location",
    "pk": 17,
    "fields": {
        "coordinates": "SRID=4326;POINT (10.070075 54.174503)"
    }
},
{
    "model": "core.location",
    "pk": 18,
    "fields": {
        "coordinates": "SRID=4326;POINT (3.82018 50.86659)"
    }
},
{
    "model": "core.location",
    "pk": 19,
    "fields": {
        "coordinates": "SRID=4326;POINT (3.91833 50.38829)"
    }
},
{
    "model": "core.location",
    "pk": 20,
    "fields": {
        "coordinates": "SRID=4326;POINT (3.91925 50.38798)"
    }
},
{
    "model": "core.location",
    "pk": 21,
    "fields": {
        "coordinates": "SRID=4326;POINT (-79.18820599999999 44.264481)"
    }
},
{
    "model": "core.location",
    "pk": 22,
    "fields": {
        "coordinates": "SRID=4326;POINT (-80.509852 35.523559)"
    }
},
{
    "model": "core.location",
    "pk": 23,
    "fields": {
        "coordinates": "SRID=4326;POINT (1.52082 48.752)"
    }
},
{
    "model": "core.location",
    "pk": 24,
    "fields": {
        "coordinates": "SRID=4326;POINT (4.36653 50.84616)"
    }
},
{
    "model": "core.location",
    "pk": 25,
    "fields": {
        "coordinates": "SRID=4326;POINT (3.91004 50.53208)"
    }
},
{
    "model": "core.location",
    "pk": 26,
    "fields": {
        "coordinates": "SRID=4326;POINT (4.36491 50.84595)"
    }
},
{
    "model": "core.location",
    "pk": 27,
    "fields": {
        "coordinates": "SRID=4326;POINT (4.05078 50.46278)"
    }
},
{
    "model": "core.location",
    "pk": 28,
    "fields": {
        "coordinates": "SRID=4326;POINT (4.47512 50.42871)"
    }
},
{
    "model": "core.location",
    "pk": 29,
    "fields": {
        "coordinates": "SRID=4326;POINT (4.194893 50.68083)"
    }
},
{
    "model": "core.location",
    "pk": 30,
    "fields": {
        "coordinates": "SRID=4326;POINT (4.47834 50.79519)"
    }
},
{
    "model": "core.location",
    "pk": 31,
    "fields": {
        "coordinates": "SRID=4326;POINT (-98.9186 49.4875)"
    }
},
{
    "model": "core.location",
    "pk": 32,
    "fields": {
        "coordinates": "SRID=4326;POINT (5.49286 50.646354)"
    }
},
{
    "model": "core.location",
    "pk": 33,
    "fields": {
        "coordinates": "SRID=4326;POINT (4.30334 50.88224)"
    }
},
{
    "model": "core.location",
    "pk": 34,
    "fields": {
        "coordinates": "SRID=4326;POINT (3.18374 51.19351)"
    }
},
{
    "model": "core.player",
    "pk": 1,
    "fields": {
        "location": 1,
        "user": 1
    }
},
{
    "model": "core.player",
    "pk": 2,
    "fields": {
        "location": 2,
        "user": 2
    }
},
{
    "model": "core.player",
    "pk": 3,
    "fields": {
        "location": 5,
        "user": 3
    }
},
{
    "model": "core.player",
    "pk": 4,
    "fields": {
        "location": 6,
        "user": 4
    }
},
{
    "model": "core.player",
    "pk": 5,
    "fields": {
        "location": 4,
        "user": 5
    }
},
{
    "model": "core.player",
    "pk": 6,
    "fields": {
        "location": 3,
        "user": 6
    }
},
{
    "model": "core.player",
    "pk": 7,
    "fields": {
        "location": 16,
        "user": 7
    }
},
{
    "model": "core.player",
    "pk": 8,
    "fields": {
        "location": 34,
        "user": 8
    }
},
{
    "model": "core.player",
    "pk": 11,
    "fields": {
        "location": 18,
        "user": 11
    }
},
{
    "model": "core.player",
    "pk": 12,
    "fields": {
        "location": 19,
        "user": 12
    }
},
{
    "model": "core.player",
    "pk": 13,
    "fields": {
        "location": 1,
        "user": 13
    }
},
{
    "model": "core.player",
    "pk": 14,
    "fields": {
        "location": 19,
        "user": 14
    }
},
{
    "model": "core.player",
    "pk": 15,
    "fields": {
        "location": 24,
        "user": 15
    }
},
{
    "model": "core.player",
    "pk": 16,
    "fields": {
        "location": 25,
        "user": 16
    }
},
{
    "model": "core.player",
    "pk": 17,
    "fields": {
        "location": 26,
        "user": 17
    }
},
{
    "model": "core.player",
    "pk": 18,
    "fields": {
        "location": 27,
        "user": 18
    }
},
{
    "model": "core.player",
    "pk": 19,
    "fields": {
        "location": 28,
        "user": 19
    }
},
{
    "model": "core.player",
    "pk": 20,
    "fields": {
        "location": 29,
        "user": 20
    }
},
{
    "model": "core.player",
    "pk": 21,
    "fields": {
        "location": 30,
        "user": 21
    }
},
{
    "model": "core.player",
    "pk": 22,
    "fields": {
        "location": 33,
        "user": 22
    }
},
{
    "model": "core.player",
    "pk": 23,
    "fields": {
        "location": 32,
        "user": 23
    }
},
{
    "model": "core.address",
    "pk": 1,
    "fields": {
        "city": "jurbise",
        "street": "rue des anglais",
        "number": 12,
        "region": null
    }
},
{
    "model": "core.address",
    "pk": 2,
    "fields": {
        "city": "Mons",
        "street": "Avenue du Tir",
        "number": 80,
        "region": null
    }
},
{
    "model": "core.address",
    "pk": 3,
    "fields": {
        "city": "La Louvière",
        "street": "Boulevard du Tivoli",
        "number": 80,
        "region": null
    }
},
{
    "model": "core.address",
    "pk": 4,
    "fields": {
        "city": "Ciney",
        "street": "Avenue du Stade",
        "number": 34,
        "region": null
    }
},
{
    "model": "core.address",
    "pk": 5,
    "fields": {
        "city": "Charleroi",
        "street": "Rue Neuve",
        "number": 75,
        "region": null
    }
},
{
    "model": "core.address",
    "pk": 9,
    "fields": {
        "city": "Bruxelles",
        "street": "Avenue de Marathon",
        "number": 135,
        "region": null
    }
},
{
    "model": "core.address",
    "pk": 10,
    "fields": {
        "city": "Bruxelles",
        "street": "Chemin du Struykbeken",
        "number": 1,
        "region": null
    }
},
{
    "model": "core.address",
    "pk": 11,
    "fields": {
        "city": "Sereing",
        "street": "Avenue du Centenaire",
        "number": 7,
        "region": null
    }
},
{
    "model": "core.address",
    "pk": 13,
    "fields": {
        "city": "Braives",
        "street": "Rue de Brivioulle",
        "number": 11,
        "region": null
    }
},
{
    "model": "core.address",
    "pk": 14,
    "fields": {
        "city": "Estaimpuis",
        "street": "Rue Clovis Poullet",
        "number": 41,
        "region": null
    }
},
{
    "model": "core.address",
    "pk": 21,
    "fields": {
        "city": "jurbise",
        "street": "rue des anglais",
        "number": 15,
        "region": null
    }
},
{
    "model": "core.address",
    "pk": 24,
    "fields": {
        "city": "Brugge",
        "street": "Koning Leopold III-laan",
        "number": 50,
        "region": "Belgique"
    }
},
{
    "model": "core.address",
    "pk": 28,
    "fields": {
        "city": "Zottegem",
        "street": "Kastanjelaan",
        "number": 85,
        "region": "Belgique"
    }
},
{
    "model": "core.address",
    "pk": 29,
    "fields": {
        "city": "Quévy",
        "street": "Rue de Quévy",
        "number": 26,
        "region": "Belgique"
    }
},
{
    "model": "core.address",
    "pk": 46,
    "fields": {
        "city": "jurbise",
        "street": "rue des anglais",
        "number": 12,
        "region": null
    }
},
{
    "model": "core.address",
    "pk": 47,
    "fields": {
        "city": "Quévy",
        "street": "Rue de Quévy",
        "number": 26,
        "region": null
    }
},
{
    "model": "core.address",
    "pk": 48,
    "fields": {
        "city": "Bruxelles",
        "street": "rue de la loi",
        "number": 16,
        "region": null
    }
},
{
    "model": "core.address",
    "pk": 72,
    "fields": {
        "city": "jurbise",
        "street": "rue des anglais",
        "number": 11,
        "region": null
    }
},
{
    "model": "core.address",
    "pk": 73,
    "fields": {
        "city": "Bruxelles",
        "street": "rue de la loi",
        "number": 1,
        "region": null
    }
},
{
    "model": "core.address",
    "pk": 74,
    "fields": {
        "city": "Mons",
        "street": "Rue Irma Fievez",
        "number": 126,
        "region": null
    }
},
{
    "model": "core.address",
    "pk": 75,
    "fields": {
        "city": "Charleroi",
        "street": "Rue des Vallées",
        "number": 13,
        "region": null
    }
},
{
    "model": "core.address",
    "pk": 76,
    "fields": {
        "city": "Tubize",
        "street": "Alleé des Sports",
        "number": 7,
        "region": null
    }
},
{
    "model": "core.address",
    "pk": 77,
    "fields": {
        "city": "Brussel",
        "street": "Waversesteenweg",
        "number": 1854,
        "region": null
    }
},
{
    "model": "core.address",
    "pk": 78,
    "fields": {
        "city": "Bruxelles",
        "street": "Rue du Bois",
        "number": 12,
        "region": null
    }
},
{
    "model": "core.address",
    "pk": 79,
    "fields": {
        "city": "Grâce-Hollogne",
        "street": "Rue des Dix-Huit Bonniers",
        "number": 1,
        "region": "Liège"
    }
},
{
    "model": "core.position",
    "pk": 1,
    "fields": {
        "position_name": "keeper"
    }
},
{
    "model": "core.position",
    "pk": 2,
    "fields": {
        "position_name": "defensive"
    }
},
{
    "model": "core.position",
    "pk": 3,
    "fields": {
        "position_name": "forward"
    }
},
{
    "model": "core.position",
    "pk": 4,
    "fields": {
        "position_name": "center"
    }
},
{
    "model": "core.position",
    "pk": 5,
    "fields": {
        "position_name": "keeper"
    }
},
{
    "model": "users.user",
    "pk": 1,
    "fields": {
        "last_login": "2021-02-23T07:11:18.412Z",
        "is_superuser": true,
        "first_name": "",
        "last_name": "",
        "is_staff": true,
        "is_active": true,
        "date_joined": "2021-02-17T07:37:59.496Z",
        "username": "admin",
        "password": "pbkdf2_sha256$216000$vzpO2tJsgcHU$bMgVZqxjMOIvCg9ODCykc/7oWLSSoCtsBriMc7JAGSA=",
        "email": "prietopantoja.alex@gmail.com",
        "groups": [],
        "user_permissions": []
    }
},
{
    "model": "users.user",
    "pk": 2,
    "fields": {
        "last_login": "2021-02-17T07:40:51.919Z",
        "is_superuser": false,
        "first_name": "",
        "last_name": "",
        "is_staff": false,
        "is_active": true,
        "date_joined": "2021-02-17T07:40:51.593Z",
        "username": "user1",
        "password": "pbkdf2_sha256$216000$6xGXFh3canj9$h13bzFkahCWjLndiQmdDZfN9xgD6CTEoG2pzFHCFlBY=",
        "email": "user1@test.test",
        "groups": [],
        "user_permissions": []
    }
},
{
    "model": "users.user",
    "pk": 3,
    "fields": {
        "last_login": "2021-02-17T07:50:10.095Z",
        "is_superuser": false,
        "first_name": "",
        "last_name": "",
        "is_staff": false,
        "is_active": true,
        "date_joined": "2021-02-17T07:42:49.339Z",
        "username": "user2",
        "password": "pbkdf2_sha256$216000$kBNHUIk0L87e$BBeQPNkWDx9aA+D4jp5RjZ9/8RamNqEOzpuKj5kGUhY=",
        "email": "user2@test.test",
        "groups": [],
        "user_permissions": []
    }
},
{
    "model": "users.user",
    "pk": 4,
    "fields": {
        "last_login": "2021-02-17T11:58:44.262Z",
        "is_superuser": false,
        "first_name": "",
        "last_name": "",
        "is_staff": false,
        "is_active": true,
        "date_joined": "2021-02-17T07:43:12.277Z",
        "username": "user3",
        "password": "pbkdf2_sha256$216000$y0IwHGhEKRyK$9dNh3h9tvuRN+kq31S0o4f+pIN4ZDtkNQcdqsat965s=",
        "email": "user3@test.test",
        "groups": [],
        "user_permissions": []
    }
},
{
    "model": "users.user",
    "pk": 5,
    "fields": {
        "last_login": "2021-02-19T07:28:20.841Z",
        "is_superuser": false,
        "first_name": "",
        "last_name": "",
        "is_staff": false,
        "is_active": true,
        "date_joined": "2021-02-17T07:43:37.098Z",
        "username": "user4",
        "password": "pbkdf2_sha256$216000$DZGBkSmzFWsA$LwASNbUPjL9h79+j7XNImFAzVUjdsh2v5RK7kKpL8/Q=",
        "email": "user4@test.test",
        "groups": [],
        "user_permissions": []
    }
},
{
    "model": "users.user",
    "pk": 6,
    "fields": {
        "last_login": "2021-02-17T07:44:02.035Z",
        "is_superuser": false,
        "first_name": "",
        "last_name": "",
        "is_staff": false,
        "is_active": true,
        "date_joined": "2021-02-17T07:44:01.711Z",
        "username": "user5",
        "password": "pbkdf2_sha256$216000$uiWoOzBJzSdW$+WVSBeeEZxuz+31U2Zn4L3oUrVT6B78tb2oSy591erk=",
        "email": "user5@test.test",
        "groups": [],
        "user_permissions": []
    }
},
{
    "model": "users.user",
    "pk": 7,
    "fields": {
        "last_login": "2021-02-19T11:42:53.199Z",
        "is_superuser": false,
        "first_name": "",
        "last_name": "",
        "is_staff": false,
        "is_active": true,
        "date_joined": "2021-02-19T07:11:04.760Z",
        "username": "user6",
        "password": "pbkdf2_sha256$216000$apuEE6rkMtBQ$LJVPuoGpPBEMUR3GLXXmdC/7gUgw3eFRJIFnQZrrQpU=",
        "email": "user6@test.test",
        "groups": [],
        "user_permissions": []
    }
},
{
    "model": "users.user",
    "pk": 8,
    "fields": {
        "last_login": "2021-02-23T07:09:03.930Z",
        "is_superuser": false,
        "first_name": "",
        "last_name": "",
        "is_staff": false,
        "is_active": true,
        "date_joined": "2021-02-19T07:14:43.022Z",
        "username": "user7",
        "password": "pbkdf2_sha256$216000$u6SeqxLeXEJj$BFlAbQUMFMLN5qpzUuKNtQNLHM2lgADdhQjz8sOxi9g=",
        "email": "user7@test.test",
        "groups": [],
        "user_permissions": []
    }
},
{
    "model": "users.user",
    "pk": 11,
    "fields": {
        "last_login": "2021-02-19T12:02:37.074Z",
        "is_superuser": false,
        "first_name": "",
        "last_name": "",
        "is_staff": false,
        "is_active": true,
        "date_joined": "2021-02-19T11:50:59.036Z",
        "username": "user8",
        "password": "pbkdf2_sha256$216000$95zxcn0LtIx7$REeny78HaenFbRLaej9poI3GNR63cAHKt+JNOyY24t4=",
        "email": "user8@test.test",
        "groups": [],
        "user_permissions": []
    }
},
{
    "model": "users.user",
    "pk": 12,
    "fields": {
        "last_login": "2021-02-22T16:56:02.408Z",
        "is_superuser": false,
        "first_name": "",
        "last_name": "",
        "is_staff": false,
        "is_active": true,
        "date_joined": "2021-02-19T12:03:40.112Z",
        "username": "user9",
        "password": "pbkdf2_sha256$216000$1B8E9Y9F4TLP$RljMj4+7/5RowFxIIZ+CfNcDg5GJ0j7lUF7yUvlu+SU=",
        "email": "user9@test.test",
        "groups": [],
        "user_permissions": []
    }
},
{
    "model": "users.user",
    "pk": 13,
    "fields": {
        "last_login": "2021-02-22T17:14:14.364Z",
        "is_superuser": false,
        "first_name": "",
        "last_name": "",
        "is_staff": false,
        "is_active": true,
        "date_joined": "2021-02-22T07:20:43.200Z",
        "username": "user10",
        "password": "pbkdf2_sha256$216000$Y9w2K16OhhZX$lCyJVGgld6eaucWlZskdY3VgX+dAoAfdKkLGs4cVL0g=",
        "email": "user10@test.test",
        "groups": [],
        "user_permissions": []
    }
},
{
    "model": "users.user",
    "pk": 14,
    "fields": {
        "last_login": "2021-02-22T17:14:31.498Z",
        "is_superuser": false,
        "first_name": "",
        "last_name": "",
        "is_staff": false,
        "is_active": true,
        "date_joined": "2021-02-22T07:24:17.075Z",
        "username": "user11",
        "password": "pbkdf2_sha256$216000$4LBzPKI8uMlB$mZc86NxUqd4jq2pCyweCzvIVtUa21oZ4ShUZcxS32aU=",
        "email": "user11@test.test",
        "groups": [],
        "user_permissions": []
    }
},
{
    "model": "users.user",
    "pk": 15,
    "fields": {
        "last_login": "2021-02-22T17:16:03.615Z",
        "is_superuser": false,
        "first_name": "",
        "last_name": "",
        "is_staff": false,
        "is_active": true,
        "date_joined": "2021-02-22T17:16:03.278Z",
        "username": "user12",
        "password": "pbkdf2_sha256$216000$0rRv4NMYXp6w$p2sb4eQF3o/BLqsbBr2vD2Eg6f08Pvwtyc1vxbkKfzU=",
        "email": "user12@test.test",
        "groups": [],
        "user_permissions": []
    }
},
{
    "model": "users.user",
    "pk": 16,
    "fields": {
        "last_login": "2021-02-22T20:26:20.840Z",
        "is_superuser": false,
        "first_name": "",
        "last_name": "",
        "is_staff": false,
        "is_active": true,
        "date_joined": "2021-02-22T17:20:06.251Z",
        "username": "user13",
        "password": "pbkdf2_sha256$216000$8lsad25HOvsY$g4qp4Kxa1UhqLx8wWVhXAUE7DWE9xliHI2cTy/zCHb0=",
        "email": "user13@test.test",
        "groups": [],
        "user_permissions": []
    }
},
{
    "model": "users.user",
    "pk": 17,
    "fields": {
        "last_login": "2021-02-22T20:36:12.265Z",
        "is_superuser": false,
        "first_name": "",
        "last_name": "",
        "is_staff": false,
        "is_active": true,
        "date_joined": "2021-02-22T20:34:06.475Z",
        "username": "user14",
        "password": "pbkdf2_sha256$216000$iAjO34g2uJi3$Mv6Yx/UqgviJI345R2eyn5FeyqZEvFBHCnv3j05dZJk=",
        "email": "user14@test.test",
        "groups": [],
        "user_permissions": []
    }
},
{
    "model": "users.user",
    "pk": 18,
    "fields": {
        "last_login": "2021-02-23T06:50:34.317Z",
        "is_superuser": false,
        "first_name": "",
        "last_name": "",
        "is_staff": false,
        "is_active": true,
        "date_joined": "2021-02-23T06:50:33.982Z",
        "username": "user15",
        "password": "pbkdf2_sha256$216000$knDR7K3ma2aQ$ghkey8Ar5tDTaHf0tUM+XpoCRpEEUBFN0r+U48Z1wFo=",
        "email": "user15@test.test",
        "groups": [],
        "user_permissions": []
    }
},
{
    "model": "users.user",
    "pk": 19,
    "fields": {
        "last_login": "2021-02-23T06:55:59.989Z",
        "is_superuser": false,
        "first_name": "",
        "last_name": "",
        "is_staff": false,
        "is_active": true,
        "date_joined": "2021-02-23T06:55:59.686Z",
        "username": "user16",
        "password": "pbkdf2_sha256$216000$UKcqLSjR0tAF$4bkiFbKFGtNbJc9/rli6htDogqp5KB9PP92kCFO0hcY=",
        "email": "user16@test.test",
        "groups": [],
        "user_permissions": []
    }
},
{
    "model": "users.user",
    "pk": 20,
    "fields": {
        "last_login": "2021-02-23T06:57:53.941Z",
        "is_superuser": false,
        "first_name": "",
        "last_name": "",
        "is_staff": false,
        "is_active": true,
        "date_joined": "2021-02-23T06:57:53.619Z",
        "username": "user17",
        "password": "pbkdf2_sha256$216000$Fjcr589AmmqJ$HFAcbV2gD1XOgAa96Mrtx012qSHLV9+5svFt65h3Fl0=",
        "email": "user17@test.test",
        "groups": [],
        "user_permissions": []
    }
},
{
    "model": "users.user",
    "pk": 21,
    "fields": {
        "last_login": "2021-02-23T07:02:24.270Z",
        "is_superuser": false,
        "first_name": "",
        "last_name": "",
        "is_staff": false,
        "is_active": true,
        "date_joined": "2021-02-23T07:02:23.952Z",
        "username": "user18",
        "password": "pbkdf2_sha256$216000$ZoGYjuLk5fEI$Ij1BcppSqdvsaApgSu4sf9KXJilN4bEpYMzr/1ZzhFA=",
        "email": "user18@test.test",
        "groups": [],
        "user_permissions": []
    }
},
{
    "model": "users.user",
    "pk": 22,
    "fields": {
        "last_login": "2021-02-23T07:08:34.965Z",
        "is_superuser": false,
        "first_name": "",
        "last_name": "",
        "is_staff": false,
        "is_active": true,
        "date_joined": "2021-02-23T07:04:17.329Z",
        "username": "user19",
        "password": "pbkdf2_sha256$216000$j5MEJJKjGqeW$inMqS00hUlZ6hfqsEYU7j1EtJLIhQuoURi8yCjgF/a8=",
        "email": "user19@test.test",
        "groups": [],
        "user_permissions": []
    }
},
{
    "model": "users.user",
    "pk": 23,
    "fields": {
        "last_login": "2021-02-23T07:05:49.446Z",
        "is_superuser": false,
        "first_name": "",
        "last_name": "",
        "is_staff": false,
        "is_active": true,
        "date_joined": "2021-02-23T07:05:49.132Z",
        "username": "user20",
        "password": "pbkdf2_sha256$216000$AMgOUpqyN7XZ$g3JcIIGf1mZxIrFrpS7ohsCBxKoAWeiaCx6kYL1Pncw=",
        "email": "user20@test.test",
        "groups": [],
        "user_permissions": []
    }
},
{
    "model": "users.profile",
    "pk": 1,
    "fields": {
        "firstname": null,
        "name": null,
        "birthdate": "1992-08-13",
        "sex": "masculine",
        "level": "novice",
        "address": 1,
        "user": 1,
        "positions": [
            1
        ]
    }
},
{
    "model": "users.profile",
    "pk": 2,
    "fields": {
        "firstname": null,
        "name": null,
        "birthdate": null,
        "sex": null,
        "level": null,
        "address": 2,
        "user": 2,
        "positions": []
    }
},
{
    "model": "users.profile",
    "pk": 3,
    "fields": {
        "firstname": null,
        "name": null,
        "birthdate": "1992-02-18",
        "sex": null,
        "level": null,
        "address": 5,
        "user": 3,
        "positions": [
            1
        ]
    }
},
{
    "model": "users.profile",
    "pk": 4,
    "fields": {
        "firstname": "Axelle",
        "name": "Witsel",
        "birthdate": "1988-08-02",
        "sex": "masculine",
        "level": "advanced",
        "address": 9,
        "user": 4,
        "positions": [
            2
        ]
    }
},
{
    "model": "users.profile",
    "pk": 5,
    "fields": {
        "firstname": null,
        "name": null,
        "birthdate": null,
        "sex": null,
        "level": null,
        "address": 4,
        "user": 5,
        "positions": []
    }
},
{
    "model": "users.profile",
    "pk": 6,
    "fields": {
        "firstname": null,
        "name": null,
        "birthdate": null,
        "sex": null,
        "level": null,
        "address": 3,
        "user": 6,
        "positions": []
    }
},
{
    "model": "users.profile",
    "pk": 7,
    "fields": {
        "firstname": null,
        "name": null,
        "birthdate": "2001-02-19",
        "sex": "feminine",
        "level": "advanced",
        "address": 21,
        "user": 7,
        "positions": [
            4
        ]
    }
},
{
    "model": "users.profile",
    "pk": 8,
    "fields": {
        "firstname": null,
        "name": null,
        "birthdate": "1999-02-12",
        "sex": "masculine",
        "level": "novice",
        "address": 24,
        "user": 8,
        "positions": [
            2
        ]
    }
},
{
    "model": "users.profile",
    "pk": 11,
    "fields": {
        "firstname": null,
        "name": null,
        "birthdate": "2003-02-19",
        "sex": "masculine",
        "level": "novice",
        "address": 28,
        "user": 11,
        "positions": [
            1
        ]
    }
},
{
    "model": "users.profile",
    "pk": 12,
    "fields": {
        "firstname": "Alexandre",
        "name": null,
        "birthdate": "1998-02-18",
        "sex": "masculine",
        "level": "novice",
        "address": 29,
        "user": 12,
        "positions": [
            3
        ]
    }
},
{
    "model": "users.profile",
    "pk": 13,
    "fields": {
        "firstname": null,
        "name": null,
        "birthdate": "1991-02-09",
        "sex": "masculine",
        "level": "novice",
        "address": 46,
        "user": 13,
        "positions": [
            1
        ]
    }
},
{
    "model": "users.profile",
    "pk": 14,
    "fields": {
        "firstname": "Axelle",
        "name": null,
        "birthdate": "1987-02-17",
        "sex": "feminine",
        "level": "intermediate",
        "address": 47,
        "user": 14,
        "positions": [
            1,
            2,
            3
        ]
    }
},
{
    "model": "users.profile",
    "pk": 15,
    "fields": {
        "firstname": null,
        "name": null,
        "birthdate": "1999-02-04",
        "sex": "masculine",
        "level": null,
        "address": 48,
        "user": 15,
        "positions": [
            1,
            2
        ]
    }
},
{
    "model": "users.profile",
    "pk": 16,
    "fields": {
        "firstname": "Alexandre",
        "name": "Prieto",
        "birthdate": "2021-02-13",
        "sex": "masculine",
        "level": "intermediate",
        "address": 72,
        "user": 16,
        "positions": [
            1,
            2,
            3
        ]
    }
},
{
    "model": "users.profile",
    "pk": 17,
    "fields": {
        "firstname": "Alexandre",
        "name": "Prieto",
        "birthdate": "1900-02-10",
        "sex": "masculine",
        "level": "novice",
        "address": 73,
        "user": 17,
        "positions": [
            1,
            2,
            4
        ]
    }
},
{
    "model": "users.profile",
    "pk": 18,
    "fields": {
        "firstname": "Anne",
        "name": "Witsel",
        "birthdate": "2005-02-18",
        "sex": "feminine",
        "level": "advanced",
        "address": 74,
        "user": 18,
        "positions": [
            1,
            2
        ]
    }
},
{
    "model": "users.profile",
    "pk": 19,
    "fields": {
        "firstname": "Jean",
        "name": "Pierre",
        "birthdate": "2004-02-16",
        "sex": "masculine",
        "level": "intermediate",
        "address": 75,
        "user": 19,
        "positions": [
            4
        ]
    }
},
{
    "model": "users.profile",
    "pk": 20,
    "fields": {
        "firstname": null,
        "name": null,
        "birthdate": "2007-02-24",
        "sex": "feminine",
        "level": "advanced",
        "address": 76,
        "user": 20,
        "positions": [
            3
        ]
    }
},
{
    "model": "users.profile",
    "pk": 21,
    "fields": {
        "firstname": null,
        "name": null,
        "birthdate": "2003-02-09",
        "sex": "feminine",
        "level": "novice",
        "address": 77,
        "user": 21,
        "positions": [
            3
        ]
    }
},
{
    "model": "users.profile",
    "pk": 22,
    "fields": {
        "firstname": null,
        "name": null,
        "birthdate": "2000-02-10",
        "sex": "feminine",
        "level": "novice",
        "address": 78,
        "user": 22,
        "positions": [
            4
        ]
    }
},
{
    "model": "users.profile",
    "pk": 23,
    "fields": {
        "firstname": null,
        "name": null,
        "birthdate": "1980-02-27",
        "sex": "masculine",
        "level": "advanced",
        "address": 79,
        "user": 23,
        "positions": [
            2
        ]
    }
}
]
